id,lat,lon,name
São Paulo/SP,-23.5506507,-46.6333824,"São Paulo, Região Imediata de São Paulo, Região Metropolitana de São Paulo, Região Intermediária de São Paulo, São Paulo, Região Sudeste, Brasil"
Barra Mansa/RJ,-22.5394843,-44.1735129,"Barra Mansa, Microrregião Vale do Paraíba Fluminense, Região Geográfica Intermediária de Volta Redonda-Barra Mansa, Rio de Janeiro, Região Sudeste, Brasil"
Vila Velha/ES,-20.3297293,-40.2920284,"Vila Velha, Microrregião Vitória, Região Metropolitana da Grande Vitória, Mesorregião Central Espírito-Santense, Espírito Santo, Região Sudeste, Brasil"
Feira de Santana/BA,-12.2578934,-38.9598047,"Feira de Santana, Microrregião de Feira de Santana, Região Metropolitana de Feira de Santana, Mesorregião do Centro-Norte baiano, Bahia, Região Nordeste, Brasil"
Rio de Janeiro/RJ,-22.9110137,-43.2093727,"Rio de Janeiro, Região Geográfica Imediata do Rio de Janeiro, Região Metropolitana do Rio de Janeiro, Região Geográfica Intermediária do Rio de Janeiro, Rio de Janeiro, Região Sudeste, Brasil"
Brasília/DF,-15.7934036,-47.8823172,"Brasília, Região Integrada de Desenvolvimento do Distrito Federal e Entorno, Distrito Federal, Região Centro-Oeste, 70.701-010, Brasil"
Maceió/AL,-9.6476843,-35.7339264,"Maceió, Microrregião de Maceió, Mesorregião Leste Alagoano, Alagoas, Região Nordeste, Brasil"
Santana de Parnaíba/SP,-23.4446715,-46.9167722,"Santana de Parnaíba, Região Imediata de São Paulo, Região Metropolitana de São Paulo, Região Intermediária de São Paulo, São Paulo, Região Sudeste, Brasil"
Divinópolis/MG,-20.1434559,-44.89125,"Divinópolis, Microrregião Divinópolis, Mesorregião Oeste de Minas, Minas Gerais, Região Sudeste, Brasil"
Niterói/RJ,-22.8832371,-43.1154552,"Niterói, Região Geográfica Imediata do Rio de Janeiro, Região Metropolitana do Rio de Janeiro, Região Geográfica Intermediária do Rio de Janeiro, Rio de Janeiro, Região Sudeste, Brasil"
Campo Bom/RS,-29.674694,-51.060601,"Campo Bom, Região Geográfica Imediata de Novo Hamburgo - São Leopoldo, Região Metropolitana de Porto Alegre, Região Geográfica Intermediária de Porto Alegre, Rio Grande do Sul, Região Sul, 93700-000, Brasil"
Porto Alegre/RS,-30.0324999,-51.2303767,"Porto Alegre, Região Geográfica Imediata de Porto Alegre, Região Metropolitana de Porto Alegre, Região Geográfica Intermediária de Porto Alegre, Rio Grande do Sul, Região Sul, Brasil"
Recife/PE,-8.0641931,-34.8781517,"Recife, Região Geográgica Imediata do Recife, Região Metropolitana do Recife, Região Geográfica Intermediária do Recife, Pernambuco, Região Nordeste, Brasil"
Caxias do Sul/RS,-29.1684796,-51.1793861,"Caxias do Sul, Região Geográfica Imediata de Caxias do Sul, Região Geográfica Intermediária de Caxias do Sul, Rio Grande do Sul, Região Sul, Brasil"
Curitiba/PR,-25.4295963,-49.2712724,"Curitiba, Microrregião de Curitiba, Região Metropolitana de Curitiba, Mesorregião Metropolitana de Curitiba, Paraná, Região Sul, Brasil"
Cianorte/PR,-23.662036,-52.6103989,"Cianorte, Microrregião Cianorte, Mesorregião Noroeste Paranaense, Paraná, Região Sul, Brasil"
Ferraz de Vasconcelos/SP,-23.541056,-46.37097,"Ferraz de Vasconcelos, Região Imediata de São Paulo, Região Metropolitana de São Paulo, Região Intermediária de São Paulo, São Paulo, Região Sudeste, Brasil"
Florianópolis/SC,-27.5973002,-48.5496098,"Florianópolis, Microrregião de Florianópolis, Mesorregião da Grande Florianópolis, Santa Catarina, Região Sul, Brasil"
Ipatinga/MG,-19.4777807,-42.5270802,"Ipatinga, Microrregião Ipatinga, Região Metropolitana do Vale do Aço, Mesorregião Vale do Rio Doce, Minas Gerais, Região Sudeste, Brasil"
Rio Verde/GO,-17.7921255,-50.9191219,"Rio Verde, Microrregião Sudoeste de Goiás, Mesorregião Sul Goiano, Goiás, Região Centro-Oeste, Brasil"
Goiânia/GO,-16.680882,-49.2532691,"Goiânia, Microrregião de Goiânia, Mesorregião Centro Goiano, Goiás, Região Centro-Oeste, Brasil"
Natal/RN,-5.805398,-35.2080905,"Natal, Microrregião de Natal, Mesorregião do Leste Potiguar, Rio Grande do Norte, Região Nordeste, Brasil"
Salvador/BA,-12.9822499,-38.4812772,"Salvador, Microrregião de Salvador, Região Metropolitana de Salvador, Mesorregião do Recôncavo baiano, Bahia, Região Nordeste, Brasil"
Manaus/AM,-3.1316333,-59.9825041,"Manaus, Microrregião de Manaus, Mesorregião Centro Amazonense, Amazonas, Região Norte, 69000-000, Brasil"
Joinville/SC,-26.3044898,-48.8486726,"Joinville, Microrregião de Joinville, Mesorregião do Norte Catarinense, Santa Catarina, Região Sul, Brasil"
Rancho Queimado/SC,-27.6731108,-49.0126867,"Rancho Queimado, Microrregião de Tabuleiro, Mesorregião da Grande Florianópolis, Santa Catarina, Região Sul, Brasil"
ESTRANGEIRO/PE,-8.4116316,-37.5919699,"Pernambuco, Região Nordeste, Brasil"
Campo Grande/MS,-20.4640173,-54.6162947,"Campo Grande, Microrregião de Campo Grande, Mesorregião Centro Norte de Mato Grosso do Sul, Mato Grosso do Sul, Região Centro-Oeste, Brasil"
Juiz de Fora/MG,-21.7609533,-43.3501129,"Juiz de Fora, Microrregião Juiz de Fora, Mesorregião Zona da Mata, Minas Gerais, Região Sudeste, Brasil"
Patrocínio/MG,-18.9408294,-46.9926624,"Patrocínio, Microrregião Patrocínio, Mesorregião Triângulo Mineiro/Alto Paranaiba, Minas Gerais, Região Sudeste, Brasil"
Aracaju/SE,-10.9162061,-37.0774655,"Aracaju, Microrregião da Grande Aracaju, Mesorregião Leste Sergipano, Sergipe, Região Nordeste, Brasil"
Linhares/ES,-19.3816944,-40.0612213,"Linhares, Microrregião Linhares, Mesorregião Litoral Norte Espírito-Santense, Espírito Santo, Região Sudeste, Brasil"
Vitória/ES,-20.3200917,-40.3376682,"Vitória, Microrregião Vitória, Região Metropolitana da Grande Vitória, Mesorregião Central Espírito-Santense, Espírito Santo, Região Sudeste, Brasil"
Carapicuíba/SP,-23.5234673,-46.8406808,"Carapicuíba, Região Imediata de São Paulo, Região Metropolitana de São Paulo, Região Intermediária de São Paulo, São Paulo, Região Sudeste, Brasil"
Braço do Norte/SC,-28.2728633,-49.1622712,"Braço do Norte, Microrregião de Tubarão, Mesorregião do Sul Catarinense, Santa Catarina, Região Sul, Brasil"
São Bernardo do Campo/SP,-23.7080345,-46.5506747,"São Bernardo do Campo, Região Imediata de São Paulo, Região Metropolitana de São Paulo, Região Intermediária de São Paulo, São Paulo, Região Sudeste, Brasil"
São Caetano do Sul/SP,-23.6195923,-46.5688323,"São Caetano do Sul, Região Imediata de São Paulo, Região Metropolitana de São Paulo, Região Intermediária de São Paulo, São Paulo, Região Sudeste, Brasil"
Fortaleza/CE,-3.7304512,-38.5217989,"Fortaleza, Microrregião de Fortaleza, Mesorregião Metropolitana de Fortaleza, Ceará, Região Nordeste, Brasil"
Coronel Fabriciano/MG,-19.5200067,-42.6282686,"Coronel Fabriciano, Microrregião Ipatinga, Região Metropolitana do Vale do Aço, Mesorregião Vale do Rio Doce, Minas Gerais, Região Sudeste, Brasil"
Mauá/SP,-23.6669527,-46.4616922,"Mauá, Região Imediata de São Paulo, Região Metropolitana de São Paulo, Região Intermediária de São Paulo, São Paulo, Região Sudeste, Brasil"
Aquiraz/CE,-3.9063117,-38.387504,"Aquiraz, Microrregião de Fortaleza, Mesorregião Metropolitana de Fortaleza, Ceará, Região Nordeste, Brasil"
Belo Horizonte/MG,-19.9227318,-43.9450948,"Belo Horizonte, Microrregião Belo Horizonte, Região Metropolitana de Belo Horizonte, Mesorregião Metropolitana de Belo Horizonte, Minas Gerais, Região Sudeste, Brasil"
Anápolis/GO,-16.3332828,-48.9525756,"Anápolis, Microrregião de Anápolis, Mesorregião Centro Goiano, Goiás, Região Centro-Oeste, Brasil"
Porto Seguro/BA,-16.443473,-39.064251,"Porto Seguro, Microrregião de Porto Seguro, Mesorregião do Sul Baiano, Bahia, Região Nordeste, Brasil"
Belo Jardim/PE,-8.3338293,-36.4176419,"Belo Jardim, Região Geográfica Imediata de Belo Jardim-Pesqueira, Região Geográfica Intermediária de Caruaru, Pernambuco, Região Nordeste, Brasil"
Jaboatão dos Guararapes/PE,-8.1752476,-34.9468716,"Jaboatão dos Guararapes, Região Geográgica Imediata do Recife, Região Metropolitana do Recife, Região Geográfica Intermediária do Recife, Pernambuco, Região Nordeste, Brasil"
Prado/BA,-17.336357,-39.222721,"Prado, Microrregião de Porto Seguro, Mesorregião do Sul Baiano, Bahia, Região Nordeste, 45983-000, Brasil"
Rio Branco/AC,-9.9765362,-67.8220778,"Rio Branco, Microrregião de Rio Branco, Mesorregião Vale do Acre, Acre, Região Norte, Brasil"
Santo André/SP,-23.6573395,-46.5322504,"Santo André, Região Imediata de São Paulo, Região Metropolitana de São Paulo, Região Intermediária de São Paulo, São Paulo, Região Sudeste, Brasil"
Nova Lima/MG,-19.9854089,-43.8470691,"Nova Lima, Microrregião Belo Horizonte, Região Metropolitana de Belo Horizonte, Mesorregião Metropolitana de Belo Horizonte, Minas Gerais, Região Sudeste, Brasil"
Sete Lagoas/MG,-19.466111,-44.246944,"Sete Lagoas, Microrregião Sete Lagoas, Mesorregião Metropolitana de Belo Horizonte, Minas Gerais, Região Sudeste, Brasil"
Uberlândia/MG,-18.9188041,-48.2767837,"Uberlândia, Microrregião Uberlândia, Mesorregião Triângulo Mineiro/Alto Paranaiba, Minas Gerais, Região Sudeste, Brasil"
Campo Largo/PR,-25.4597726,-49.5270851,"Campo Largo, Microrregião de Curitiba, Região Metropolitana de Curitiba, Mesorregião Metropolitana de Curitiba, Paraná, Região Sul, Brasil"
Pinhais/PR,-25.4443488,-49.1900307,"Pinhais, Microrregião de Curitiba, Região Metropolitana de Curitiba, Mesorregião Metropolitana de Curitiba, Paraná, Região Sul, Brasil"
Londrina/PR,-23.3112878,-51.1595023,"Londrina, Microrregião Londrina, Mesorregião Norte Central Paranaense, Paraná, Região Sul, Brasil"
Palmas/TO,-10.1835604,-48.3337793,"Palmas, Microrregião de Porto Nacional, Mesorregião Oriental do Tocantins, Tocantins, Região Norte, Brasil"
Jataí/GO,-17.8783829,-51.7204241,"Jataí, Microrregião Sudoeste de Goiás, Mesorregião Sul Goiano, Goiás, Região Centro-Oeste, Brasil"
Aparecida de Goiânia/GO,-16.8226769,-49.2452546,"Aparecida de Goiânia, Microrregião de Goiânia, Mesorregião Centro Goiano, Goiás, Região Centro-Oeste, Brasil"
Balneário Camboriú/SC,-26.9924395,-48.6339782,"Balneário Camboriú, Microrregião de Itajaí, Mesorregião do Vale do Itajaí, Santa Catarina, Região Sul, Brasil"
Maringá/PR,-23.425269,-51.9382078,"Maringá, Microrregião Maringá, Mesorregião Norte Central Paranaense, Paraná, Região Sul, Brasil"
Foz do Iguaçu/PR,-25.5401479,-54.5858139,"Foz do Iguaçu, Microrregião Foz do Iguaçu, Mesorregião Oeste Paranaense, Paraná, Região Sul, Brasil"
Belém/PA,-1.45056,-48.4682453,"Belém, Microrregião de Belém, Mesorregião de Metropolitana de Belém, Pará, Região Norte, Brasil"
Propriá/SE,-10.212427,-36.8372254,"Propriá, Microrregião do Baixo São Francisco Sergipano, Mesorregião Leste Sergipano, Sergipe, Região Nordeste, 49900-000, Brasil"
João Pessoa/PB,-7.1215981,-34.882028,"João Pessoa, Região Geográfica Imediata de João Pessoa, Região Metropolitana de João Pessoa, Região Geográfica Intermediária de João Pessoa, Paraíba, Região Nordeste, Brasil"
Guapimirim/RJ,-22.5266308,-42.9790687,"Guapimirim, Região Geográfica Imediata do Rio de Janeiro, Região Metropolitana do Rio de Janeiro, Região Geográfica Intermediária do Rio de Janeiro, Rio de Janeiro, Região Sudeste, Brasil"
Jaguariúna/SP,-22.70374,-46.985062,"Jaguariúna, Região Imediata de Campinas, Região Metropolitana de Campinas, Região Intermediária de Campinas, São Paulo, Região Sudeste, Brasil"
São José do Rio Preto/SP,-20.8125851,-49.3804212,"São José do Rio Preto, Região Imediata de São José do Rio Preto, Pirangueiro do Tietê, Região Intermediária de São José do Rio Preto, São Paulo, Região Sudeste, Brasil"
Campinas/SP,-22.90556,-47.06083,"Campinas, Região Imediata de Campinas, Região Metropolitana de Campinas, Região Intermediária de Campinas, São Paulo, Região Sudeste, Brasil"
Guarulhos/SP,-23.4430602,-46.524459,"Guarulhos, Região Imediata de São Paulo, Região Metropolitana de São Paulo, Região Intermediária de São Paulo, São Paulo, Região Sudeste, Brasil"
Barueri/SP,-23.5112184,-46.8764612,"Barueri, Região Imediata de São Paulo, Região Metropolitana de São Paulo, Região Intermediária de São Paulo, São Paulo, Região Sudeste, Brasil"
Cotia/SP,-23.603889,-46.918889,"Cotia, Região Imediata de São Paulo, Região Metropolitana de São Paulo, Região Intermediária de São Paulo, São Paulo, Região Sudeste, Brasil"
Uberaba/MG,-19.750833,-47.936666,"Uberaba, Microrregião Uberaba, Mesorregião Triângulo Mineiro/Alto Paranaiba, Minas Gerais, Região Sudeste, Brasil"
Tubarão/SC,-28.471488,-49.014132,"Tubarão, Microrregião de Tubarão, Mesorregião do Sul Catarinense, Santa Catarina, Região Sul, Brasil"
ESTRANGEIRO/SC,-27.0628367,-51.114965,"Santa Catarina, Região Sul, Brasil"
Sobral/CE,-3.6879135,-40.3456372,"Sobral, Microrregião de Sobral, Mesorregião Noroeste Cearense, Ceará, Região Nordeste, Brasil"
Serafina Corrêa/RS,-28.7120266,-51.9343269,"Serafina Corrêa, Região Geográfica Imediata de Nova Prata - Guaporé, Região Geográfica Intermediária de Caxias do Sul, Rio Grande do Sul, Região Sul, 99250-000, Brasil"
Torres/RS,-29.3373663,-49.7299648,"Torres, Região Geográfica Imediata de Torres, Aglomeração Urbana do Litoral Norte, Região Geográfica Intermediária de Porto Alegre, Rio Grande do Sul, Região Sul, 95560-000, Brasil"
Farroupilha/RS,-29.22647,-51.3468188,"Farroupilha, Região Geográfica Imediata de Caxias do Sul, Região Geográfica Intermediária de Caxias do Sul, Rio Grande do Sul, Região Sul, Brasil"
São José/SC,-27.6162335,-48.6270136,"São José, Microrregião de Florianópolis, Mesorregião da Grande Florianópolis, Santa Catarina, Região Sul, Brasil"
Sidrolândia/MS,-20.9361042,-54.9640262,"Sidrolândia, Microrregião de Campo Grande, Mesorregião Centro Norte de Mato Grosso do Sul, Mato Grosso do Sul, Região Centro-Oeste, Brasil"
Lauro de Freitas/BA,-12.89242,-38.3127691,"Lauro de Freitas, Microrregião de Salvador, Região Metropolitana de Salvador, Mesorregião do Recôncavo baiano, Bahia, Região Nordeste, Brasil"
Itabuna/BA,-14.7869879,-39.2788778,"Itabuna, Mesorregião do Sul Baiano, Bahia, Região Nordeste, Brasil"
Miguel Pereira/RJ,-22.4539417,-43.4691978,"Miguel Pereira, Região Geográfica Imediata de Valença, Região Geográfica Intermediária de Volta Redonda-Barra Mansa, Rio de Janeiro, Região Sudeste, Brasil"
Bagé/RS,-31.3314264,-54.1062808,"Bagé, Região Geográfica Imediata de Bagé, Região Geográfica Intermediária de Pelotas, Rio Grande do Sul, Região Sul, 96400-330, Brasil"
Alvorada/RS,-29.9981184,-51.0772509,"Alvorada, Região Geográfica Imediata de Porto Alegre, Região Metropolitana de Porto Alegre, Região Geográfica Intermediária de Porto Alegre, Rio Grande do Sul, Região Sul, Brasil"
Erechim/RS,-27.6350143,-52.2737288,"Erechim, Região Geográfica Imediata de Erechim, Região Geográfica Intermediária de Passo Fundo, Rio Grande do Sul, Região Sul, 99700-018, Brasil"
Sant'Ana do Livramento/RS,-30.8894097,-55.5317694,"Sant'Ana do Livramento, Região Geográfica Imediata de Santana do Livramento, Região Geográfica Intermediária de Uruguaiana, Rio Grande do Sul, Região Sul, Brasil"
Teresina/PI,-5.0896403,-42.809588,"Teresina, Microrregião de Teresina, Região Integrada de Desenvolvimento da Grande Teresina, Mesorregião Centro-Norte Piauiense, Piauí, Região Nordeste, Brasil"
Taubaté/SP,-23.031448,-45.5612792,"Taubaté, Região Imediata de Taubaté-Pindamonhangaba, Região Metropolitana do Vale do Paraíba e Litoral Norte, Região Intermediária de São José dos Campos, São Paulo, Região Sudeste, Brasil"
Suzano/SP,-23.5427842,-46.3108391,"Suzano, Região Imediata de São Paulo, Região Metropolitana de São Paulo, Região Intermediária de São Paulo, São Paulo, Região Sudeste, Brasil"
Ji-Paraná/RO,-10.8778148,-61.9277854,"Ji-Paraná, Microrregião Ji-Paraná, Mesorregião Leste Rondoniense, Rondônia, Região Norte, Brasil"
Juazeiro do Norte/CE,-7.2153453,-39.3153336,"Juazeiro do Norte, Microrregião de Cariri, Mesorregião do Sul Cearense, Ceará, Região Nordeste, Brasil"
Fortim/CE,-4.451256,-37.798056,"Fortim, Microrregião do Litoral de Aracati, Mesorregião de Jaguaribe, Ceará, Região Nordeste, Brasil"
Macapá/AP,0.0401529,-51.0569588,"Macapá, Microrregião de Macapá, Mesorregião Sul do Amapá, Amapá, Região Norte, Brasil"
Itajaí/SC,-26.9117879,-48.6669852,"Itajaí, Microrregião de Itajaí, Mesorregião do Vale do Itajaí, Santa Catarina, Região Sul, Brasil"
Navegantes/SC,-26.8898813,-48.6495828,"Navegantes, Microrregião de Itajaí, Mesorregião do Vale do Itajaí, Santa Catarina, Região Sul, Brasil"
Pomerode/SC,-26.7356218,-49.1770095,"Pomerode, Microrregião de Blumenau, Mesorregião do Vale do Itajaí, Santa Catarina, Região Sul, 89107-000, Brasil"
Jaraguá do Sul/SC,-26.4897432,-49.0778063,"Jaraguá do Sul, Microrregião de Joinville, Mesorregião do Norte Catarinense, Santa Catarina, Região Sul, Brasil"
Imbituba/SC,-28.241827,-48.6643444,"Imbituba, Microrregião de Tubarão, Mesorregião do Sul Catarinense, Santa Catarina, Região Sul, 88780-000, Brasil"
Criciúma/SC,-28.6789941,-49.3695627,"Criciúma, Microrregião de Criciúma, Mesorregião do Sul Catarinense, Santa Catarina, Região Sul, Brasil"
Chapecó/SC,-27.0922364,-52.6166878,"Chapecó, Microrregião de Chapecó, Mesorregião do Oeste Catarinense, Santa Catarina, Região Sul, Brasil"
Guaíra/PR,-24.0851924,-54.2567519,"Guaíra, Microrregião Toledo, Mesorregião Oeste Paranaense, Paraná, Região Sul, Brasil"
Camaçari/BA,-12.6998188,-38.3260762,"Camaçari, Microrregião de Salvador, Região Metropolitana de Salvador, Mesorregião do Recôncavo baiano, Bahia, Região Nordeste, Brasil"
Petrópolis/RJ,-22.519963,-43.192613,"Petrópolis, Região Geográfica Imediata de Petrópolis, Região Metropolitana do Rio de Janeiro, Região Geográfica Intermediária do Rio de Janeiro, Rio de Janeiro, Região Sudeste, Brasil"
Ivoti/RS,-29.5934057,-51.1599403,"Ivoti, Região Geográfica Imediata de Novo Hamburgo - São Leopoldo, Região Metropolitana de Porto Alegre, Região Geográfica Intermediária de Porto Alegre, Rio Grande do Sul, Região Sul, 93900-000, Brasil"
Charqueadas/RS,-29.955012,-51.6249195,"Charqueadas, Região Geográfica Imediata de Charqueadas - Triunfo - São Jerônimo, Região Metropolitana de Porto Alegre, Região Geográfica Intermediária de Porto Alegre, Rio Grande do Sul, Região Sul, Brasil"
São Leopoldo/RS,-29.7544405,-51.1516497,"São Leopoldo, Região Geográfica Imediata de Novo Hamburgo - São Leopoldo, Região Metropolitana de Porto Alegre, Região Geográfica Intermediária de Porto Alegre, Rio Grande do Sul, Região Sul, Brasil"
Taquara/RS,-29.6465318,-50.7805672,"Taquara, Região Geográfica Imediata de Taquara - Parobé - Igrejinha, Região Metropolitana de Porto Alegre, Região Geográfica Intermediária de Porto Alegre, Rio Grande do Sul, Região Sul, Brasil"
Dois Irmãos/RS,-29.58356,-51.089776,"Dois Irmãos, Região Geográfica Imediata de Novo Hamburgo - São Leopoldo, Região Metropolitana de Porto Alegre, Região Geográfica Intermediária de Porto Alegre, Rio Grande do Sul, Região Sul, 93950-000, Brasil"
Eldorado do Sul/RS,-29.9984639,-51.3091977,"Eldorado do Sul, Região Geográfica Imediata de Porto Alegre, Região Metropolitana de Porto Alegre, Região Geográfica Intermediária de Porto Alegre, Rio Grande do Sul, Região Sul, 92990-000, Brasil"
Canoas/RS,-29.9216045,-51.1799525,"Canoas, Região Geográfica Imediata de Porto Alegre, Região Metropolitana de Porto Alegre, Região Geográfica Intermediária de Porto Alegre, Rio Grande do Sul, Região Sul, 92010-970, Brasil"
Cariacica/ES,-20.263202,-40.416549,"Cariacica, Microrregião Vitória, Região Metropolitana da Grande Vitória, Mesorregião Central Espírito-Santense, Espírito Santo, Região Sudeste, Brasil"
Cachoeiro de Itapemirim/ES,-20.848084,-41.11129,"Cachoeiro de Itapemirim, Microrregião Cachoeiro de Itapemirim, Mesorregião Sul Espírito-Santense, Espírito Santo, Região Sudeste, Brasil"
São Luís/MA,-2.5634605,-44.2448718,"São Luís, Microrregião da Aglomeração Urbana de São Luís, Mesorregião Norte Maranhense, Maranhão, Região Nordeste, Brasil"
Parnamirim/RN,-5.9153334,-35.2679913,"Parnamirim, Microrregião de Natal, Mesorregião do Leste Potiguar, Rio Grande do Norte, Região Nordeste, Brasil"
Mariana/MG,-20.3781468,-43.4174862,"Mariana, Microrregião Ouro Preto, Mesorregião Metropolitana de Belo Horizonte, Minas Gerais, Região Sudeste, Brasil"
Poços de Caldas/MG,-21.7900318,-46.5647928,"Poços de Caldas, Microrregião Poços de Caldas, Mesorregião Sul/Sudoeste de Minas, Minas Gerais, Região Sudeste, Brasil"
Osasco/SP,-23.5324859,-46.7916801,"Osasco, Região Imediata de São Paulo, Região Metropolitana de São Paulo, Região Intermediária de São Paulo, São Paulo, Região Sudeste, Brasil"
São José dos Campos/SP,-23.1805011,-45.8872969,"São José dos Campos, Região Imediata de São José dos Campos, Região Metropolitana do Vale do Paraíba e Litoral Norte, Região Intermediária de São José dos Campos, São Paulo, Região Sudeste, 12210-200, Brasil"
Hortolândia/SP,-22.85833,-47.22,"Hortolândia, Região Imediata de Campinas, Região Metropolitana de Campinas, Região Intermediária de Campinas, São Paulo, Região Sudeste, Brasil"
Mogi das Cruzes/SP,-23.5234284,-46.1926671,"Mogi das Cruzes, Região Imediata de São Paulo, Região Metropolitana de São Paulo, Região Intermediária de São Paulo, São Paulo, Região Sudeste, Brasil"
Bento Gonçalves/RS,-29.1654014,-51.5197627,"Bento Gonçalves, Região Geográfica Imediata de Bento Gonçalves, Região Geográfica Intermediária de Caxias do Sul, Rio Grande do Sul, Região Sul, Brasil"
Cuiabá/MT,-15.5986686,-56.0991301,"Cuiabá, Microrregião de Cuiabá, Mesorregião Centro-Sul Mato-Grossense, Mato Grosso, Região Centro-Oeste, 78020-400, Brasil"
Ponta Grossa/PR,-25.0891685,-50.1601812,"Ponta Grossa, Microrregião de Ponta Grossa, Mesorregião Centro Oriental Paranaense, Paraná, Região Sul, Brasil"
Pato Branco/PR,-26.2295984,-52.6712474,"Pato Branco, Microrregião de Pato Branco, Mesorregião Sudoeste Paranaense, Paraná, Região Sul, Brasil"
Jaguaruna/SC,-28.6237365,-49.0288664,"Jaguaruna, Microrregião de Tubarão, Mesorregião do Sul Catarinense, Santa Catarina, Região Sul, Brasil"
Gravatal/SC,-28.3300703,-49.0362296,"Gravatal, Microrregião de Tubarão, Mesorregião do Sul Catarinense, Santa Catarina, Região Sul, 88735-000, Brasil"
Várzea Grande/MT,-15.645816,-56.132218,"Várzea Grande, Microrregião de Cuiabá, Mesorregião Centro-Sul Mato-Grossense, Mato Grosso, Região Centro-Oeste, Brasil"
Valinhos/SP,-22.97056,-46.99583,"Valinhos, Região Imediata de Campinas, Região Metropolitana de Campinas, Região Intermediária de Campinas, São Paulo, Região Sudeste, Brasil"
Taboão da Serra/SP,-23.6121912,-46.7790539,"Taboão da Serra, Região Imediata de São Paulo, Região Metropolitana de São Paulo, Região Intermediária de São Paulo, São Paulo, Região Sudeste, Brasil"
Poá/SP,-23.5249082,-46.3445663,"Poá, Região Imediata de São Paulo, Região Metropolitana de São Paulo, Região Intermediária de São Paulo, São Paulo, Região Sudeste, Brasil"
Caieiras/SP,-23.3644621,-46.7484765,"Caieiras, Região Imediata de São Paulo, Região Metropolitana de São Paulo, Região Intermediária de São Paulo, São Paulo, Região Sudeste, Brasil"
Ponta Porã/MS,-22.5286917,-55.723426,"Ponta Porã, Microrregião de Dourados, Mesorregião Sudoeste de Mato Grosso do Sul, Mato Grosso do Sul, Região Centro-Oeste, Brasil"
Nossa Senhora da Glória/SE,-10.2188811,-37.4199759,"Nossa Senhora da Glória, Microrregião do Alto Sertão Sergipano, Microrregião do Sertão Sergipano, Sergipe, Região Nordeste, Brasil"
Porto Velho/RO,-8.7494525,-63.8735438,"Porto Velho, Microrregião Porto Velho, Mesorregião Madeira-Guaporé, Rondônia, Região Norte, Brasil"
Boa Vista/RR,2.8208478,-60.6719582,"Boa Vista, Microrregião de Boa Vista, Mesorregião Norte de Roraima, Roraima, Região Norte, Brasil"
Carlos Barbosa/RS,-29.2978372,-51.5005613,"Carlos Barbosa, Região Geográfica Imediata de Bento Gonçalves, Região Geográfica Intermediária de Caxias do Sul, Rio Grande do Sul, Região Sul, 95185-000, Brasil"
Estância Velha/RS,-29.6529666,-51.1719687,"Estância Velha, Região Geográfica Imediata de Novo Hamburgo - São Leopoldo, Região Metropolitana de Porto Alegre, Região Geográfica Intermediária de Porto Alegre, Rio Grande do Sul, Região Sul, 93600-000, Brasil"
Estrela/RS,-29.5010545,-51.962226,"Estrela, Região Geográfica Imediata de Lajeado, Região Geográfica Intermediária de Santa Cruz do Sul - Lajeado, Rio Grande do Sul, Região Sul, Brasil"
Lajeado/RS,-29.4671522,-51.9624046,"Lajeado, Região Geográfica Imediata de Lajeado, Região Geográfica Intermediária de Santa Cruz do Sul - Lajeado, Rio Grande do Sul, Região Sul, Brasil"
Santa Maria/RS,-29.6860512,-53.8069214,"Santa Maria, Região Geográfica Imediata de Santa Maria, Região Geográfica Intermediária de Santa Maria, Rio Grande do Sul, Região Sul, Brasil"
Viamão/RS,-30.0819338,-51.0261927,"Viamão, Região Geográfica Imediata de Porto Alegre, Região Metropolitana de Porto Alegre, Região Geográfica Intermediária de Porto Alegre, Rio Grande do Sul, Região Sul, Brasil"
Mossoró/RN,-5.1904332,-37.3443872,"Mossoró, Microrregião de Mossoró, Mesorregião do Oeste Potiguar, Rio Grande do Norte, Região Nordeste, Brasil"
Barreiras/BA,-12.1440031,-44.9967406,"Barreiras, Microrregião de Barreiras, Mesorregião do Extremo Oeste Baiano, Bahia, Região Nordeste, Brasil"
São Sebastião/SP,-23.8027866,-45.4070527,"São Sebastião, Região Imediata de Caraguatatuba-Ubatuba-São Sebastião, Região Metropolitana do Vale do Paraíba e Litoral Norte, Região Intermediária de São José dos Campos, São Paulo, Região Sudeste, Brasil"
Olinda/PE,-7.9986401,-34.8459552,"Olinda, Região Geográgica Imediata do Recife, Região Metropolitana do Recife, Região Geográfica Intermediária do Recife, Pernambuco, Região Nordeste, Brasil"
Colombo/PR,-25.2925439,-49.2243472,"Colombo, Microrregião de Curitiba, Região Metropolitana de Curitiba, Mesorregião Metropolitana de Curitiba, Paraná, Região Sul, Brasil"
Parintins/AM,-2.6344567,-56.7319324,"Parintins, Microrregião de Parintins, Mesorregião Centro Amazonense, Amazonas, Região Norte, Brasil"
Conceição do Jacuípe/BA,-12.326831,-38.768433,"Conceição do Jacuípe, Microrregião de Feira de Santana, Região Metropolitana de Feira de Santana, Mesorregião do Centro-Norte baiano, Bahia, Região Nordeste, 44245000, Brasil"
Santo Antônio da Patrulha/RS,-29.826768,-50.517489,"Santo Antônio da Patrulha, Região Geográfica Imediata de Porto Alegre, Região Metropolitana de Porto Alegre, Região Geográfica Intermediária de Porto Alegre, Rio Grande do Sul, Região Sul, 95500-000, Brasil"
FORA DO ESTADO/PR,-24.4842187,-51.8148872,"Paraná, Região Sul, Brasil"
Blumenau/SC,-26.9195567,-49.0658025,"Blumenau, Microrregião de Blumenau, Mesorregião do Vale do Itajaí, Santa Catarina, Região Sul, Brasil"
Lages/SC,-27.8165664,-50.325883,"Lages, Mesorregião Serrana, Santa Catarina, Região Sul, Brasil"
Osório/RS,-29.8890328,-50.2730224,"Osório, Região Geográfica Imediata de Tramandaí - Osório, Aglomeração Urbana do Litoral Norte, Região Geográfica Intermediária de Porto Alegre, Rio Grande do Sul, Região Sul, 95520-000, Brasil"
FORA DO ESTADO/SP,-21.9549806,-49.0232348,"São Paulo, Região Sudeste, Brasil"
Iracemápolis/SP,-22.583234,-47.522963,"Iracemápolis, Região Imediata de Limeira, Região Intermediária de Campinas, São Paulo, Região Sudeste, Brasil"
Jundiaí/SP,-23.1887866,-46.8845122,"Jundiaí, Região Imediata de Jundiaí, Região Intermediária de Campinas, São Paulo, Região Sudeste, Brasil"
Embu/SP,-23.6495294,-46.8528497,"Embu das Artes, Região Imediata de São Paulo, Região Metropolitana de São Paulo, Região Intermediária de São Paulo, São Paulo, Região Sudeste, Brasil"
São Gonçalo/RJ,-22.8219014,-43.0309252,"São Gonçalo, Região Geográfica Imediata do Rio de Janeiro, Região Metropolitana do Rio de Janeiro, Região Geográfica Intermediária do Rio de Janeiro, Rio de Janeiro, Região Sudeste, Brasil"
Juazeiro/BA,-9.4336959,-40.5068201,"Juazeiro, Microrregião de Juazeiro, Região Administrativa Integrada de Desenvolvimento do Polo Petrolina e Juazeiro, Mesorregião do Vale São-Franciscano da Bahia, Bahia, Região Nordeste, Brasil"
Jequié/BA,-13.8604033,-40.0719627,"Jequié, Mesorregião do Centro-Sul Baiano, Bahia, Região Nordeste, Brasil"
Brumado/BA,-14.29507325,-41.659307508575985,"Brumado, Microrregião de Brumado, Mesorregião do Centro-Sul Baiano, Bahia, Região Nordeste, Brasil"
Betim/MG,-19.968056,-44.198333,"Betim, Microrregião Belo Horizonte, Região Metropolitana de Belo Horizonte, Mesorregião Metropolitana de Belo Horizonte, Minas Gerais, Região Sudeste, Brasil"
Bom Despacho/MG,-19.7375242,-45.2517288,"Bom Despacho, Microrregião Bom Despacho, Mesorregião Central Mineira, Minas Gerais, Região Sudeste, Brasil"
Campos Altos/MG,-19.696389,-46.171389,"Campos Altos, Microrregião Araxá, Mesorregião Triângulo Mineiro/Alto Paranaiba, Minas Gerais, Região Sudeste, 38970-000, Brasil"
Contagem/MG,-19.9132749,-44.0840953,"Contagem, Microrregião Belo Horizonte, Região Metropolitana de Belo Horizonte, Mesorregião Metropolitana de Belo Horizonte, Minas Gerais, Região Sudeste, Brasil"
Lagoa da Prata/MG,-20.022778,-45.5440462,"Lagoa da Prata, Microrregião Bom Despacho, Mesorregião Central Mineira, Minas Gerais, Região Sudeste, 35590000, Brasil"
Timóteo/MG,-19.5771395,-42.6436108,"Timóteo, Microrregião Ipatinga, Região Metropolitana do Vale do Aço, Mesorregião Vale do Rio Doce, Minas Gerais, Região Sudeste, Brasil"
FORA DO ESTADO/PE,-8.4116316,-37.5919699,"Pernambuco, Região Nordeste, Brasil"
Caruaru/PE,-8.2829702,-35.9722852,"Caruaru, Região Geográfica Imediata de Caruaru, Região Geográfica Intermediária de Caruaru, Pernambuco, Região Nordeste, Brasil"
Petrolina/PE,-9.3817334,-40.4968875,"Petrolina, Região Geográfica Imediata de Petrolina, Região Administrativa Integrada de Desenvolvimento do Polo Petrolina e Juazeiro, Região Geográfica Intermediária de Petrolina, Pernambuco, Região Nordeste, Brasil"
Catalão/GO,-18.1702546,-47.9447082,"Catalão, Microrregião de Catalão, Mesorregião Sul Goiano, Goiás, Região Centro-Oeste, Brasil"
Marabá/PA,-5.3462821,-49.1007401,"Marabá, Microrregião de Marabá, Mesorregião Sudeste Paraense, Pará, Região Norte, Brasil"
Igaracy/PB,-7.1819802,-38.1487395,"Igaracy, Região Geográfica Imediata de Itaporanga, Região Metropolitana do Vale do Piancó, Região Geográfica Intermediária de Patos, Paraíba, Região Nordeste, Brasil"
Rio Grande/RS,-32.0334252,-52.0991297,"Rio Grande, Região Geográfica Imediata de Pelotas, Aglomeração Urbana do Sul, Região Geográfica Intermediária de Pelotas, Rio Grande do Sul, Região Sul, Brasil"
Santiago/RS,-29.189675,-54.866624,"Santiago, Região Geográfica Imediata de Santiago, Região Geográfica Intermediária de Santa Maria, Rio Grande do Sul, Região Sul, Brasil"
Sapiranga/RS,-29.6392382,-51.0068586,"Sapiranga, Região Geográfica Imediata de Novo Hamburgo - São Leopoldo, Região Metropolitana de Porto Alegre, Região Geográfica Intermediária de Porto Alegre, Rio Grande do Sul, Região Sul, Brasil"
Cruzeiro do Sul/RS,-29.5139742,-51.9917068,"Cruzeiro do Sul, Região Geográfica Imediata de Lajeado, Região Geográfica Intermediária de Santa Cruz do Sul - Lajeado, Rio Grande do Sul, Região Sul, 95930-970, Brasil"
Capão da Canoa/RS,-29.7542937,-50.0215684,"Capão da Canoa, Região Geográfica Imediata de Tramandaí - Osório, Aglomeração Urbana do Litoral Norte, Região Geográfica Intermediária de Porto Alegre, Rio Grande do Sul, Região Sul, 95555-000, Brasil"
Porto Belo/SC,-27.1542415,-48.5424395,"Porto Belo, Microrregião de Itajaí, Mesorregião do Vale do Itajaí, Santa Catarina, Região Sul, 88210000, Brasil"
Gaspar/SC,-26.9307306,-48.9566824,"Gaspar, Microrregião de Blumenau, Mesorregião do Vale do Itajaí, Santa Catarina, Região Sul, Brasil"
Içara/SC,-28.7116553,-49.2971441,"Içara, Microrregião de Criciúma, Mesorregião do Sul Catarinense, Santa Catarina, Região Sul, Brasil"
Cascavel/PR,-24.9554996,-53.4560544,"Cascavel, Microrregião Cascavel, Mesorregião Oeste Paranaense, Paraná, Região Sul, Brasil"
Serra/ES,-20.1252961,-40.3064477,"Serra, Microrregião Vitória, Região Metropolitana da Grande Vitória, Mesorregião Central Espírito-Santense, Espírito Santo, Região Sudeste, Brasil"
Santa Teresa/ES,-19.936339,-40.597945,"Santa Teresa, Microrregião Santa Teresa, Mesorregião Central Espírito-Santense, Espírito Santo, Região Sudeste, Brasil"
FORA DO ESTADO/AL,-9.6611661,-36.6502426,"Alagoas, Região Nordeste, Brasil"
Conde/BA,-11.8129758,-37.6138705,"Conde, Microrregião de Entre Rios, Mesorregião do Nordeste Baiano, Bahia, Região Nordeste, 48300-000, Brasil"
Teixeira de Freitas/BA,-17.5376644,-39.7458096,"Teixeira de Freitas, Microrregião de Porto Seguro, Mesorregião do Sul Baiano, Bahia, Região Nordeste, Brasil"
Telêmaco Borba/PR,-24.3282939,-50.6318021,"Telêmaco Borba, Microrregião Telêmaco Borba, Mesorregião Centro Oriental Paranaense, Paraná, Região Sul, Brasil"
Paranavaí/PR,-23.08165,-52.461724,"Paranavaí, Microrregião Paranavaí, Mesorregião Noroeste Paranaense, Paraná, Região Sul, Brasil"
ESTRANGEIRO/SP,-21.9549806,-49.0232348,"São Paulo, Região Sudeste, Brasil"
Volta Redonda/RJ,-22.5225497,-44.1040128,"Volta Redonda, Microrregião Vale do Paraíba Fluminense, Região Geográfica Intermediária de Volta Redonda-Barra Mansa, Rio de Janeiro, Região Sudeste, Brasil"
Campos dos Goytacazes/RJ,-21.7558619,-41.3326895,"Campos dos Goytacazes, Região Geográfica Imediata de Campos dos Goytacazes, Região Geográfica Intermediária de Campos dos Goytacazes, Rio de Janeiro, Região Sudeste, Brasil"
Duque de Caxias/RJ,-22.7896225,-43.309929,"Duque de Caxias, Região Geográfica Imediata do Rio de Janeiro, Região Metropolitana do Rio de Janeiro, Região Geográfica Intermediária do Rio de Janeiro, Rio de Janeiro, Região Sudeste, Brasil"
Garibaldi/RS,-29.2562253,-51.5269167,"Garibaldi, Região Geográfica Imediata de Bento Gonçalves, Região Geográfica Intermediária de Caxias do Sul, Rio Grande do Sul, Região Sul, 95720-000, Brasil"
FORA DO ESTADO/SC,-27.0628367,-51.114965,"Santa Catarina, Região Sul, Brasil"
Camboriú/SC,-27.0273601,-48.6535657,"Camboriú, Microrregião de Itajaí, Mesorregião do Vale do Itajaí, Santa Catarina, Região Sul, Brasil"
Laguna/SC,-28.483118,-48.7811993,"Laguna, Microrregião de Tubarão, Mesorregião do Sul Catarinense, Santa Catarina, Região Sul, 88790-000, Brasil"
São Ludgero/SC,-28.3243832,-49.174819,"São Ludgero, Microrregião de Tubarão, Mesorregião do Sul Catarinense, Santa Catarina, Região Sul, 88730-000, Brasil"
Tijucas/SC,-27.239404,-48.6353696,"Tijucas, Microrregião de Tijucas, Mesorregião da Grande Florianópolis, Santa Catarina, Região Sul, 88200-000, Brasil"
Valparaíso de Goiás/GO,-16.0686394,-47.9764907,"Valparaíso de Goiás, Microrregião do Entorno de Brasília, Região Integrada de Desenvolvimento do Distrito Federal e Entorno, Mesorregião Leste Goiano, Goiás, Região Centro-Oeste, Brasil"
Mauriti/CE,-7.3870095,-38.7737751,"Mauriti, Microrregião de Barro, Mesorregião do Sul Cearense, Ceará, Região Nordeste, Brasil"
FORA DO ESTADO/ES,-19.5687682,-40.1721991,"Espírito Santo, Região Sudeste, Brasil"
Anta Gorda/RS,-28.9718745,-52.0069187,"Anta Gorda, Região Geográfica Imediata de Encantado, Região Geográfica Intermediária de Santa Cruz do Sul - Lajeado, Rio Grande do Sul, Região Sul, 95980-000, Brasil"
Camaquã/RS,-30.8524752,-51.8075619,"Camaquã, Região Geográfica Intermediária de Porto Alegre, Rio Grande do Sul, Região Sul, Brasil"
Paraí/RS,-28.5966772,-51.7851426,"Paraí, Região Geográfica Imediata de Nova Prata - Guaporé, Região Geográfica Intermediária de Caxias do Sul, Rio Grande do Sul, Região Sul, Brasil"
Nova Monte Verde/MT,-9.9796694,-57.467331,"Nova Monte Verde, Microrregião de Alta Floresta, Mesorregião Norte Mato-Grossense, Mato Grosso, Região Centro-Oeste, Brasil"
Ananindeua/PA,-1.374035,-48.4016623,"Ananindeua, Microrregião de Belém, Mesorregião de Metropolitana de Belém, Pará, Região Norte, Brasil"
São Domingos/BA,-11.4636112,-39.526527,"São Domingos, Microrregião de Serrinha, Mesorregião do Nordeste Baiano, Bahia, Região Nordeste, Brasil"
Rio Claro/SP,-22.4100108,-47.5603933,"Rio Claro, Região Imediata de Rio Claro, Região Intermediária de Campinas, São Paulo, Região Sudeste, Brasil"
Ribeirão Pires/SP,-23.7129388,-46.4150871,"Ribeirão Pires, Região Imediata de São Paulo, Região Metropolitana de São Paulo, Região Intermediária de São Paulo, São Paulo, Região Sudeste, Brasil"
Valença/RJ,-22.2461028,-43.6996917,"Valença, Região Geográfica Imediata de Volta Redonda-Barra Mansa, Região Geográfica Intermediária de Volta Redonda-Barra Mansa, Rio de Janeiro, Região Sudeste, Brasil"
Porto Real do Colégio/AL,-10.186833,-36.8357056,"Porto Real do Colégio, Microrregião de Penedo, Mesorregião Leste Alagoano, Alagoas, Região Nordeste, Brasil"
Pelotas/RS,-31.7699736,-52.3410161,"Pelotas, Região Geográfica Imediata de Pelotas, Aglomeração Urbana do Sul, Região Geográfica Intermediária de Pelotas, Rio Grande do Sul, Região Sul, Brasil"
Cerro Grande do Sul/RS,-30.5962963,-51.7517196,"Cerro Grande do Sul, Região Geográfica Intermediária de Porto Alegre, Rio Grande do Sul, Região Sul, 96670-000, Brasil"
Dom Pedrito/RS,-30.983755,-54.6746483,"Dom Pedrito, Região Geográfica Imediata de Bagé, Região Geográfica Intermediária de Pelotas, Rio Grande do Sul, Região Sul, 96450-000, Brasil"
Faxinal/PR,-24.001065,-51.3223237,"Faxinal, Microrregião Faxinal, Mesorregião Norte Central Paranaense, Paraná, Região Sul, Brasil"
Campo Mourão/PR,-24.046329,-52.37802,"Campo Mourão, Microrregião Campo Mourão, Mesorregião Centro Ocidental Paranaense, Paraná, Região Sul, Brasil"
Balneário Arroio do Silva/SC,-28.9815269,-49.4189932,"Balneário Arroio do Silva, Microrregião de Araranguá, Mesorregião do Sul Catarinense, Santa Catarina, Região Sul, 88914-000, Brasil"
Canelinha/SC,-27.2660341,-48.7666708,"Canelinha, Microrregião de Tijucas, Mesorregião da Grande Florianópolis, Santa Catarina, Região Sul, 88230-000, Brasil"
São Pedro de Alcântara/SC,-27.5676985,-48.8047973,"São Pedro de Alcântara, Microrregião de Florianópolis, Mesorregião da Grande Florianópolis, Santa Catarina, Região Sul, Brasil"
Ilhéus/BA,-14.792599,-39.0453843,"Ilhéus, Mesorregião do Sul Baiano, Bahia, Região Nordeste, Brasil"
Canarana/BA,-11.6870151,-41.7683675,"Canarana, Microrregião de Irecê, Mesorregião do Centro-Norte baiano, Bahia, Região Nordeste, Brasil"
Silvânia/GO,-16.6599718,-48.608326,"Silvânia, Microrregião de Pires do Rio, Mesorregião Sul Goiano, Goiás, Região Centro-Oeste, Brasil"
Luziânia/GO,-16.2535456,-47.9500276,"Luziânia, Microrregião do Entorno de Brasília, Região Integrada de Desenvolvimento do Distrito Federal e Entorno, Mesorregião Leste Goiano, Goiás, Região Centro-Oeste, Brasil"
Governador Valadares/MG,-18.8539497,-41.9458753,"Governador Valadares, Microrregião Governador Valadares, Mesorregião Vale do Rio Doce, Minas Gerais, Região Sudeste, Brasil"
Boa Esperança/MG,-21.0901253,-45.5660195,"Boa Esperança, Microrregião Varginha, Mesorregião Sul/Sudoeste de Minas, Minas Gerais, Região Sudeste, 37170-000, Brasil"
São João del Rei/MG,-21.1335755,-44.2588086,"São João del-Rei, Microrregião São João del-Rei, Mesorregião Campo das Vertentes, Minas Gerais, Região Sudeste, Brasil"
Imperatriz/MA,-5.5269279,-47.478115,"Imperatriz, Microrregião de Imperatriz, Mesorregião Oeste Maranhense, Maranhão, Região Nordeste, Brasil"
Alagoinhas/BA,-12.133526,-38.420772,"Alagoinhas, Microrregião de Alagoinhas, Mesorregião do Nordeste Baiano, Bahia, Região Nordeste, Brasil"
Rio Negro/PR,-26.1047668,-49.7982766,"Rio Negro, Microrregião de Rio Negro, Mesorregião Metropolitana de Curitiba, Paraná, Região Sul, 83880-000, Brasil"
Tatuí/SP,-23.3514733,-47.8552438,"Tatuí, Região Imediata de Tatuí, Região Metropolitana de Sorocaba, Região Intermediária de Sorocaba, São Paulo, Região Sudeste, Brasil"
Ribeirão Preto/SP,-21.178333,-47.8066671,"Ribeirão Preto, Região Imediata de Ribeirão Preto, Região Metropolitana de Ribeirão Preto, Região Intermediária de Ribeirão Preto, São Paulo, Região Sudeste, Brasil"
Arujá/SP,-23.396266,-46.3175449,"Arujá, Região Imediata de São Paulo, Região Metropolitana de São Paulo, Região Intermediária de São Paulo, São Paulo, Região Sudeste, Brasil"
Mairiporã/SP,-23.3186111,-46.5866667,"Mairiporã, Região Imediata de São Paulo, Região Metropolitana de São Paulo, Região Intermediária de São Paulo, São Paulo, Região Sudeste, Brasil"
Louveira/SP,-23.08639,-46.95056,"Louveira, Região Imediata de Jundiaí, Região Intermediária de Campinas, São Paulo, Região Sudeste, 13290-000, Brasil"
Vargem Grande Paulista/SP,-23.599338,-47.022038,"Vargem Grande Paulista, Região Imediata de São Paulo, Região Metropolitana de São Paulo, Região Intermediária de São Paulo, São Paulo, Região Sudeste, Brasil"
Belford Roxo/RJ,-22.7667284,-43.4033603,"Belford Roxo, Região Geográfica Imediata do Rio de Janeiro, Região Metropolitana do Rio de Janeiro, Região Geográfica Intermediária do Rio de Janeiro, Rio de Janeiro, Região Sudeste, Brasil"
Santo Antônio do Içá/AM,-3.095443,-67.946279,"Santo Antônio do Içá, Microrregião do Alto Solimões, Mesorregião Sudoeste Amazonense, Amazonas, Região Norte, 69680-000, Brasil"
Boca do Acre/AM,-8.7553487,-67.3930873,"Boca do Acre, Microrregião de Boca do Acre, Mesorregião Sul Amazonense, Amazonas, Região Norte, Brasil"
Itaituba/PA,-4.2625218,-55.9878139,"Itaituba, Microrregião de Itaituba, Mesorregião Sudoeste Paraense, Pará, Região Norte, Brasil"
Castanhal/PA,-1.2927031,-47.9223903,"Castanhal, Microrregião de Castanhal, Mesorregião de Metropolitana de Belém, Pará, Região Norte, Brasil"
Rolante/RS,-29.6527945,-50.5769391,"Rolante, Região Geográfica Imediata de Taquara - Parobé - Igrejinha, Região Metropolitana de Porto Alegre, Região Geográfica Intermediária de Porto Alegre, Rio Grande do Sul, Região Sul, 95690-000, Brasil"
Marau/RS,-28.4493053,-52.2002156,"Marau, Região Geográfica Imediata de Marau, Região Geográfica Intermediária de Passo Fundo, Rio Grande do Sul, Região Sul, 99150-000, Brasil"
Piratini/RS,-31.448451,-53.1039931,"Piratini, Região Geográfica Imediata de Pelotas, Região Geográfica Intermediária de Pelotas, Rio Grande do Sul, Região Sul, 96490-000, Brasil"
Passo Fundo/RS,-28.2616138,-52.4089048,"Passo Fundo, Região Geográfica Imediata de Passo Fundo, Região Geográfica Intermediária de Passo Fundo, Rio Grande do Sul, Região Sul, Brasil"
Nova Palma/RS,-29.4711081,-53.4693751,"Nova Palma, Região Geográfica Imediata de Santa Maria, Região Geográfica Intermediária de Santa Maria, Rio Grande do Sul, Região Sul, 97250-000, Brasil"
Itapema/SC,-27.09472,-48.6137778,"Itapema, Microrregião de Itajaí, Mesorregião do Vale do Itajaí, Santa Catarina, Região Sul, Brasil"
Siderópolis/SC,-28.597588,-49.4250007,"Siderópolis, Microrregião de Criciúma, Mesorregião do Sul Catarinense, Santa Catarina, Região Sul, Brasil"
Timbé do Sul/SC,-28.8300122,-49.8466056,"Timbé do Sul, Microrregião de Araranguá, Mesorregião do Sul Catarinense, Santa Catarina, Região Sul, 88940-000, Brasil"
Castelo/ES,-20.6034476,-41.2033505,"Castelo, Microrregião Cachoeiro de Itapemirim, Mesorregião Sul Espírito-Santense, Espírito Santo, Região Sudeste, Brasil"
NÃO ESPECIFICADA/MG,-18.5264844,-44.1588654,"Minas Gerais, Região Sudeste, Brasil"
Bonfim/RR,3.3613818,-59.8427241,"Bonfim, Microrregião Noroeste de Roraima, Mesorregião Norte de Roraima, Roraima, Região Norte, 69380000, Brasil"
Sabará/MG,-19.8900372,-43.8107916,"Sabará, Microrregião Belo Horizonte, Região Metropolitana de Belo Horizonte, Mesorregião Metropolitana de Belo Horizonte, Minas Gerais, Região Sudeste, Brasil"
Campo Belo/MG,-20.8975,-45.277223,"Campo Belo, Microrregião Campo Belo, Mesorregião Oeste de Minas, Minas Gerais, Região Sudeste, 37270-000, Brasil"
Patos de Minas/MG,-18.6041453,-46.5096698,"Patos de Minas, Microrregião Patos de Minas, Mesorregião Triângulo Mineiro/Alto Paranaiba, Minas Gerais, Região Sudeste, Brasil"
Santa Rosa/RS,-27.8643546,-54.4779287,"Santa Rosa, Região Geográfica Imediata de Santa Rosa, Região Geográfica Intermediária de Ijui, Rio Grande do Sul, Região Sul, 98780-756, Brasil"
Cachoeira do Sul/RS,-30.0474778,-52.8905413,"Cachoeira do Sul, Região Geográfica Imediata de Cachoeira do Sul, Região Geográfica Intermediária de Santa Maria, Rio Grande do Sul, Região Sul, Brasil"
Sousa/PB,-6.7662029,-38.2319607,"Sousa, Região Geográfica Imediata de Sousa, Região Metropolitana de Sousa, Região Geográfica Intermediária de Sousa-Cajazeiras, Paraíba, Região Nordeste, Brasil"
Campina Grande/PB,-7.2246743,-35.8771292,"Campina Grande, Região Geográfica Imediata de Campina Grande, Região Metropolitana de Campina Grande, Região Geográfica Intermediária de Campina Grande, Paraíba, Região Nordeste, Brasil"
Manacapuru/AM,-3.2996768,-60.6213528,"Manacapuru, Microrregião de Manaus, Mesorregião Centro Amazonense, Amazonas, Região Norte, Brasil"
Diadema/SP,-23.681347,-46.62052,"Diadema, Região Imediata de São Paulo, Região Metropolitana de São Paulo, Região Intermediária de São Paulo, São Paulo, Região Sudeste, Brasil"
Itaboraí/RJ,-22.7496231,-42.8557428,"Itaboraí, Região Geográfica Imediata do Rio de Janeiro, Região Metropolitana do Rio de Janeiro, Região Geográfica Intermediária do Rio de Janeiro, Rio de Janeiro, Região Sudeste, Brasil"
Ipiaú/BA,-14.1318211,-39.7373177,"Ipiaú, Mesorregião do Sul Baiano, Bahia, Região Nordeste, Brasil"
Guarapuava/PR,-25.3950986,-51.4622016,"Guarapuava, Microrregião de Guarapuava, Mesorregião Centro Sul Paranaense, Paraná, Região Sul, Brasil"
Iretama/PR,-24.4212538,-52.1023538,"Iretama, Microrregião Campo Mourão, Mesorregião Centro Ocidental Paranaense, Paraná, Região Sul, Brasil"
Umuarama/PR,-23.7617057,-53.3079895,"Umuarama, Microrregião Umuarama, Mesorregião Noroeste Paranaense, Paraná, Região Sul, Brasil"
União da Vitória/PR,-26.228596,-51.0869796,"União da Vitória, Microrregião de União da Vitória, Mesorregião Sudeste Paranaense, Paraná, Região Sul, 84600-000, Brasil"
Maranguape/CE,-3.8922967,-38.6835427,"Maranguape, Microrregião de Fortaleza, Mesorregião Metropolitana de Fortaleza, Ceará, Região Nordeste, Brasil"
Hidrolândia/GO,-16.9671342,-49.22826,"Hidrolândia, Microrregião de Goiânia, Mesorregião Centro Goiano, Goiás, Região Centro-Oeste, Brasil"
Batayporã/MS,-22.2976466,-53.2685608,"Batayporã, Microrregião de Nova Andradina, Mesorregião Leste de Mato Grosso do Sul, Mato Grosso do Sul, Região Centro-Oeste, Brasil"
Rio Verde de Mato Grosso/MS,-18.9169208,-54.8410727,"Rio Verde de Mato Grosso, Microrregião de Alto Taquari, Mesorregião Centro Norte de Mato Grosso do Sul, Mato Grosso do Sul, Região Centro-Oeste, 79480-000, Brasil"
Antônio Carlos/SC,-27.5168462,-48.7684715,"Antônio Carlos, Microrregião de Florianópolis, Mesorregião da Grande Florianópolis, Santa Catarina, Região Sul, 88180-000, Brasil"
São Lourenço do Oeste/SC,-26.35566,-52.849837,"São Lourenço do Oeste, Microrregião de Chapecó, Mesorregião do Oeste Catarinense, Santa Catarina, Região Sul, Brasil"
São Roque do Canaã/ES,-19.7385942,-40.6598575,"São Roque do Canaã, Microrregião Santa Teresa, Mesorregião Central Espírito-Santense, Espírito Santo, Região Sudeste, Brasil"
Fernando de Noronha/PE,-3.8561012,-32.4248189,"Fernando de Noronha, Região Geográgica Imediata do Recife, Região Geográfica Intermediária do Recife, Pernambuco, Região Nordeste, 53990-000, Brasil"
NÃO ESPECIFICADA/SP,-21.9549806,-49.0232348,"São Paulo, Região Sudeste, Brasil"
NÃO ESPECIFICADA/PE,-8.4116316,-37.5919699,"Pernambuco, Região Nordeste, Brasil"
NÃO ESPECIFICADA/GO,-15.9323662,-50.1392928,"Goiás, Região Centro-Oeste, Brasil"
NÃO ESPECIFICADA/RJ,-22.2752762,-42.419415,"Rio de Janeiro, Região Sudeste, Brasil"
NÃO ESPECIFICADA/BA,-12.285251,-41.9294776,"Bahia, Região Nordeste, Brasil"
NÃO ESPECIFICADA/AL,-9.6611661,-36.6502426,"Alagoas, Região Nordeste, Brasil"
NÃO ESPECIFICADA/PR,-24.4842187,-51.8148872,"Paraná, Região Sul, Brasil"
NÃO ESPECIFICADA/SC,-27.0628367,-51.114965,"Santa Catarina, Região Sul, Brasil"
NÃO ESPECIFICADA/RN,-5.6781175,-36.4781776,"Rio Grande do Norte, Região Nordeste, Brasil"
NÃO ESPECIFICADA/AM,-4.479925,-63.5185396,"Amazonas, Região Norte, Brasil"
NÃO ESPECIFICADA/MS,-19.5852564,-54.4794731,"Mato Grosso do Sul, Região Centro-Oeste, Brasil"
NÃO ESPECIFICADA/CE,-5.3264703,-39.7156073,"Ceará, Região Nordeste, Brasil"
NÃO ESPECIFICADA/TO,-10.8855129,-48.3716912,"Tocantins, Região Norte, Brasil"
NÃO ESPECIFICADA/PA,-4.7493933,-52.8973006,"Pará, Região Norte, Brasil"
NÃO ESPECIFICADA/PB,-7.1219366,-36.7246845,"Paraíba, Região Nordeste, Brasil"
NÃO ESPECIFICADA/PI,-7.6992782,-42.5043787,"Piauí, Região Nordeste, Brasil"
NÃO ESPECIFICADA/AP,1.3545442,-51.9161977,"Amapá, Região Norte, Brasil"
NÃO ESPECIFICADA/MT,-12.2115009,-55.5716547,"Mato Grosso, Região Centro-Oeste, Brasil"
Carmo do Cajuru/MG,-20.184444,-44.770834,"Carmo do Cajuru, Microrregião Divinópolis, Mesorregião Oeste de Minas, Minas Gerais, Região Sudeste, Brasil"
Guimarânia/MG,-18.8442251,-46.7925141,"Guimarânia, Microrregião Patos de Minas, Mesorregião Triângulo Mineiro/Alto Paranaiba, Minas Gerais, Região Sudeste, Brasil"
Goianésia/GO,-15.3118269,-49.1162001,"Goianésia, Microrregião de Ceres, Mesorregião Centro Goiano, Goiás, Região Centro-Oeste, Brasil"
Águas Lindas de Goiás/GO,-15.7392283,-48.2793357,"Águas Lindas de Goiás, Microrregião do Entorno de Brasília, Região Integrada de Desenvolvimento do Distrito Federal e Entorno, Mesorregião Leste Goiano, Goiás, Região Centro-Oeste, Brasil"
Resende/RJ,-22.4683626,-44.4463494,"Resende, Microrregião Vale do Paraíba Fluminense, Região Geográfica Intermediária de Volta Redonda-Barra Mansa, Rio de Janeiro, Região Sudeste, Brasil"
Mangaratiba/RJ,-22.9600193,-44.04111,"Mangaratiba, Região Geográfica Imediata do Rio de Janeiro, Região Geográfica Intermediária do Rio de Janeiro, Rio de Janeiro, Região Sudeste, Brasil"
Nova Iguaçu/RJ,-22.7592175,-43.4508728,"Nova Iguaçu, Região Geográfica Imediata do Rio de Janeiro, Região Metropolitana do Rio de Janeiro, Região Geográfica Intermediária do Rio de Janeiro, Rio de Janeiro, Região Sudeste, Brasil"
Goiana/PE,-7.560603,-34.99591,"Goiana, Região Geográfica Imediata de Goiana-Timbaúba, Região Metropolitana do Recife, Região Geográfica Intermediária do Recife, Pernambuco, Região Nordeste, 55900-000, Brasil"
Camaragibe/PE,-8.0213832,-34.9810768,"Camaragibe, Região Geográgica Imediata do Recife, Região Metropolitana do Recife, Região Geográfica Intermediária do Recife, Pernambuco, Região Nordeste, Brasil"
São Lourenço da Mata/PE,-7.9959607,-35.039335,"São Lourenço da Mata, Região Geográgica Imediata do Recife, Região Metropolitana do Recife, Região Geográfica Intermediária do Recife, Pernambuco, Região Nordeste, Brasil"
Urussanga/SC,-28.5191381,-49.3201776,"Urussanga, Microrregião de Criciúma, Mesorregião do Sul Catarinense, Santa Catarina, Região Sul, 88840-000, Brasil"
Papanduva/SC,-26.4065885,-50.1457369,"Papanduva, Microrregião de Canoinhas, Mesorregião do Norte Catarinense, Santa Catarina, Região Sul, 89370-000, Brasil"
Brusque/SC,-27.0964628,-48.9136323,"Brusque, Microrregião de Blumenau, Mesorregião do Vale do Itajaí, Santa Catarina, Região Sul, Brasil"
São Francisco do Sul/SC,-26.2495087,-48.6308087,"São Francisco do Sul, Microrregião de Joinville, Mesorregião do Norte Catarinense, Santa Catarina, Região Sul, Brasil"
Macaíba/RN,-5.8561372,-35.3523774,"Macaíba, Microrregião de Macaíba, Mesorregião do Leste Potiguar, Rio Grande do Norte, Região Nordeste, Brasil"
Passa e Fica/RN,-6.4356697,-35.6434459,"Passa e Fica, Microrregião do Agreste Potiguar, Mesorregião do Agreste Potiguar, Rio Grande do Norte, Região Nordeste, Brasil"
Monte Alegre/RN,-6.069901,-35.333635,"Monte Alegre, Microrregião do Agreste Potiguar, Mesorregião do Agreste Potiguar, Rio Grande do Norte, Região Nordeste, Brasil"
